{
  "hellaswag": 0.6740689105755826,
  "arc_easy": 0.6127946127946128,
  "boolq": 0.6709480122324158,
  "arc_challenge": 0.37372013651877134,
  "piqa": 0.7682263329706203,
  "winogrande": 0.6377269139700079,
  "openbookqa": 0.42
}